group	Th_rep1	Th_rep2	Th_rep3	Prlh_rep1	Prlh_rep2	Prlh_rep3	Hprt1_rep1	Hprt1_rep2	Hprt1_rep3	id_num
grp_treatment	3239.32707365119	5963.574807021373	4123.485594854615	225.34634954289032	358.78106938788954	314.1712498859363	858.2661371801362	1292.340261657471	987.5890599369792	1
grp_treatment	2664.5719810180617	4866.567979800444	4240.358368735494	252.65546988393288	460.239827317221	357.819813181129	709.1421179695905	1212.3968713444965	918.3605463814	2
grp_treatment	1536.4811745908185	2501.4265651107894	2054.257543218772	367.0828715255788	552.1535242437224	448.26132157121367	975.1714575031992	1596.953543625152	1329.786652428477	3
grp_treatment	2731.9670386014304	4799.954369257564	3981.1417573198937	258.44739450074627	410.50718599725275	338.67059197984514	724.8963382466953	1242.423959659509	923.0039857538986	4
grp_treatment	2383.978466125026	3460.4745597903543	3114.8274620245	347.3358712424549	651.262629057642	490.90137327663456	896.4648305364375	1329.929392982824	1119.3700414637024	5
grp_treatment	2972.3471109789216	4880.207848013685	4027.8295695322554	303.48980654780627	455.702768203201	377.2071213732583	865.2940688261732	1595.1601720696556	1289.5991817109875	6
grp_treatment	1935.5702428655973	3666.483024879003	2963.8541481922152	301.92488820816556	440.94095298492533	354.5375298091997	625.1376512838369	1082.6615163807069	902.8516146748065	7
grp_treatment	2801.2683076290864	4976.941021049555	3795.10989457458	246.34484150876543	424.29725184099607	321.39362716041666	856.0576496102566	1496.2957349579017	1209.5494770392552	8
grp_treatment	3239.4810926448317	5197.575435226473	3930.101864325455	385.4117230757281	654.1425532767231	507.7464767523896	623.3138116914736	992.7595038979237	818.2024882166289	9
grp_treatment	2665.395144172634	3819.553565506731	2958.292298858535	230.4163906710621	391.4801327317283	300.6778351329294	740.3405795677082	1527.4627940938017	1188.1301702535857	10
grp_treatment	2609.94163375572	4484.3523243623295	3258.7461764292266	165.03843410560577	293.917907418397	233.1799215917459	578.8937892264668	1052.0807803531377	777.5949855881854	11
grp_treatment	2529.888990490864	4719.120194252577	3725.5761578184806	190.2594939942175	328.25870114131794	286.0763173633484	694.2364640908528	1164.9666118956263	1014.2804958800024	12
grp_treatment	868.8389145641622	1407.830815223253	1152.7738541564509	318.6745442071871	500.3039918163874	383.8038587789528	834.0300369745349	1370.435107419063	1226.5936275652602	13
grp_treatment	1981.6969577068576	3131.4865906327377	2307.4916163653725	254.26591753340747	397.2838402577943	372.9835831622139	721.5965549758339	1057.3971180106232	883.26679650131	14
grp_treatment	2557.5519964854934	4613.05145132239	3584.379722247227	248.1650519135675	405.2150479305774	318.69737390441605	595.5910866303412	1120.0342398556434	933.173215420665	15
grp_treatment	2916.7358024170703	5313.838640552356	4195.205496509589	304.4237794960036	453.83830941121505	346.0513064992218	592.4793780639477	1102.263465648559	871.6426131378236	16
grp_treatment	2679.8283713003552	4029.018473623694	3399.1779538020937	311.5649972379724	472.77504521800137	370.86456291517834	871.6427569225616	1548.5666475061837	1265.889138537164	17
grp_treatment	3756.2589766041488	6133.796065763803	4773.498348164357	333.2684223646349	508.4822297236868	402.6501959777005	571.014284853911	909.9823058618962	672.6330732037072	18
grp_treatment	4222.743548785217	7065.726467159759	5250.894922661728	314.7183686252282	487.5438442468327	395.89793167519946	796.0974406391654	1305.8643161221542	951.0463343945906	19
grp_treatment	1904.344988090119	2866.2386304686247	2541.667280839009	199.83467907465737	318.4477813522646	264.0981766255478	932.4409916108928	1529.6841801248793	1260.9405210267346	20
grp_treatment	2359.5615800785017	4035.8916291301766	3130.828874550296	282.76557555029774	447.62521113915903	333.87295046710483	781.2950622764157	1343.408707336175	1055.7961726267206	21
grp_treatment	2789.3003179618513	4618.911692949168	3934.51438888081	184.45730607331012	312.60240503780244	253.33936847352356	693.551813634895	1137.4084683334445	914.5689380009504	22
grp_treatment	3900.2151741963985	6594.753577286295	4866.567984518977	328.04445516930605	543.5490069446354	440.253087027539	744.4825978895661	1306.4259140342913	971.9308320311424	23
grp_treatment	1712.3660881901924	3055.0852589805672	2574.7736109286916	271.71003982913743	443.79398966355535	349.5730210369509	1079.016675173225	1641.310465650556	1349.8173051508206	24
grp_treatment	2246.7749756459875	4041.782460006389	3222.1172176967143	364.9032390019333	624.9113553034522	566.7983131498065	532.8973806451324	935.4731320455114	762.4163818717153	25
grp_treatment	3194.55557296735	5399.942300844081	4368.555106155623	261.17727669170193	358.4965249584646	318.10984129638933	675.4262721511037	1040.990223141824	869.071103149673	26
grp_treatment	2648.2547242999863	4792.088563865667	3768.041050892706	316.95444251677475	508.1834173864189	394.4618737860198	797.9113339819379	1117.7127226939017	986.6997400099352	27
grp_treatment	1776.9379682879603	2888.8427784603477	2203.0666613490603	189.41056202028113	327.8226035774551	219.678659244655	712.7557708669051	1167.3313133290055	1017.1773429619656	28
grp_treatment	3409.928727343928	5480.420534912251	4417.071287233253	245.3803098426146	411.4512086172711	364.95769650213504	723.8743465926128	1271.6820705118132	940.1677202673002	29
grp_treatment	1885.0572991839915	2880.054840002317	2335.4705813681076	249.4662658473559	416.9201490005571	341.1288266370984	548.2408301750904	919.1568748608966	733.5815619176243	30
grp_treatment	2758.339728980365	5167.9006576517195	3918.208108441972	328.69323775056824	521.8314448488321	450.8080541949615	757.6156482491513	1218.9293633509658	907.4977825861184	31
grp_treatment	2630.155927923735	5477.652683553825	4212.279267652231	254.50455827384317	453.2651007850621	347.2632772143642	452.802387308625	731.370661044236	713.5004405009429	32
grp_treatment	1935.8732979637568	3346.892184543983	2950.5191109406683	386.11607351924414	531.3681087314482	434.81929217959464	791.8474546262589	1219.0421573573813	1070.600890284977	33
grp_treatment	3180.496438004197	5432.841903447049	4469.650963610329	330.8256556905929	526.9930784410303	422.49304385746126	605.3783777921822	1158.637349689302	897.8550072468923	34
grp_treatment	4464.544144534952	6721.118625146547	5964.020468082625	142.4932208786597	249.26059311986697	187.93236641678365	707.2974484064015	1246.8966847031322	945.5599742753492	35
grp_treatment	2393.1706273213317	3726.70394839869	3287.329335870476	346.10363950851826	587.5034567224502	506.5114190693995	817.0701345389531	1306.6710880536343	961.9037843892016	36
grp_treatment	1999.2400136657427	3547.7633936992206	2729.80965050071	402.15444951113767	681.2954035313547	497.7097404643701	798.6229591616659	1237.2881300567255	1019.284394367559	37
grp_treatment	4878.712752142218	7498.255709632916	6272.522760761215	172.68679140439852	304.36672539980987	237.49119793946983	645.8112339851289	1015.4732477920234	866.4731701769812	38
grp_treatment	4140.278369602492	6298.290673456161	4971.474214835077	355.7985570319953	577.2820512536515	474.1096699354619	958.7306534451866	1457.4583271426693	1188.005458198724	39
grp_treatment	1355.5240259201323	2462.298011361512	1895.814138046287	241.1702895296745	447.2066374970535	340.53545790087304	842.281158403119	1341.6372002756282	1036.681516670354	40
grp_treatment	2784.483659495619	4720.43600671865	3804.4249177969095	276.5317763343602	420.4719782090668	347.77410636706105	716.2433783819556	1259.2707169995026	934.8967424736755	41
grp_treatment	2463.3011392135772	3661.679277597	3051.738942539642	265.4041935303847	449.4913437513679	306.75077638862825	777.6923653477719	1311.202858454924	1053.7371824625568	42
grp_treatment	2641.7414729661405	4670.546196405593	3413.021603338099	249.8783827157397	401.0403832760515	316.41209602012816	457.0373590840952	775.7401480056823	621.6171701553743	43
grp_treatment	3632.383965551818	6078.257670523448	4417.3594777260905	362.01842593275825	615.383522746349	527.8369375548525	658.2706843571958	1142.5158143567458	914.5715723764952	44
grp_treatment	3905.038112843944	6286.931427141668	4906.18397927392	268.47964424572234	453.5806016489755	358.90297395874893	668.4292669722594	1049.6270700057134	850.8365437402277	45
grp_treatment	2337.1785189893008	3829.711054997179	3166.30858174962	259.7467344594302	457.1890859030027	369.52305446578265	890.4057075227284	1420.8632420297783	1169.880624115584	46
grp_treatment	4380.105664725823	7293.58151825399	5624.901840990561	352.33870273611313	541.4109007164631	427.7143122056421	796.1131867490399	1274.238594133512	1093.1030873894658	47
grp_treatment	1817.0167623522811	2990.4329885579905	2393.9575874798707	246.2441301185262	375.6049857155472	311.116608532017	697.2967098842774	975.8122852237492	833.9655615375813	48
grp_treatment	2671.6194498147106	4479.28895534636	3666.231730352508	259.98264639251187	470.6117701589679	392.2721736768241	1059.8655653545577	1605.5139451674354	1342.1875337316076	49
grp_treatment	3442.639288291342	5831.030156657163	4663.336273466703	408.18997772217824	686.6611558907649	550.6873982184777	575.8975479297392	1022.6675027449731	775.6386776282233	50
grp_treatment	951.20648863054	1604.1735687126022	1256.9722398145109	270.87246177495183	439.6886784887767	337.73382819476035	990.7610144928336	1534.1586865937927	1206.9847560891185	51
grp_treatment	3275.085898131942	6855.725663618429	5299.363039805023	256.9110560820893	422.2747754374006	337.042277219508	617.4657158241175	1007.15490009973	867.3069726182392	52
grp_treatment	2401.52743284353	3312.222871653619	2569.5368668247193	368.942444252135	563.3355249461183	434.11175197333193	695.3003611800881	1025.2059244077625	852.7083063713696	53
grp_treatment	1720.295621076275	2989.1040894053117	2557.9079705441823	343.11828816002566	551.5439967734334	504.8203384539912	726.6553367635336	1192.034266108541	1051.1394101325195	54
grp_treatment	1567.8577546109402	2639.909006090477	1853.4695043840877	291.15543559807185	453.1281035351412	409.0807041854564	548.4179035337287	908.7230565138904	719.4496675183719	55
grp_treatment	2773.368949061404	5415.1854758028785	4321.091623905225	286.2018387815785	464.15352005013096	382.194565373236	805.794106749135	1246.5789572750737	1038.4327133786262	56
grp_treatment	3480.737094460424	5038.378493783125	4107.8973322729335	325.8584335697911	580.7344732341498	482.13630076150577	823.2698220509596	1539.7541966398464	1259.2029129973932	57
grp_treatment	2480.534422006974	4340.2574901185	3689.4802394168814	322.02536683326514	541.8446663113882	486.4244568967659	792.3930117980298	1301.802657451245	983.0345745161064	58
grp_treatment	2203.0066369473116	3395.9341511745747	2829.87150609335	350.8481490595394	520.8119386802817	411.44951082137345	629.8133351763917	1105.2678440952957	836.6220044802694	59
grp_treatment	1038.8527787042196	2014.1416740824689	1518.623314261295	290.94571470036726	482.2094252359859	331.36971073889197	517.5275159652876	872.5875798921843	705.9455536099963	60
grp_treatment	1440.060045140079	2067.144454403515	1773.8293638654495	367.707850853176	641.9221699777148	505.63281405475664	859.1560437932121	1459.5631246861972	1191.8201069591748	61
grp_treatment	3754.306108878435	5879.830723642607	4668.850954423848	372.2830960298001	556.1061460202037	403.44065911080446	785.7955541529275	1349.7255712792237	950.369388066898	62
grp_treatment	2545.36794573656	4441.053886654437	3496.8174482545387	363.3392834648852	588.3592235333441	464.5340217962023	885.7607255559308	1366.404728133559	1156.6319942547404	63
grp_treatment	2076.4102690417753	3323.863287187339	2635.4550904580265	301.1493381996863	540.4272771166413	417.75923060840495	791.9166631063862	1303.7900757617908	997.7137180670888	64
grp_treatment	2329.8421191025345	4568.537039779587	3703.5651765201214	339.94063138291585	567.3240916543697	429.65284728296587	686.5310710281686	1124.5507967632157	864.0793397376574	65
grp_treatment	555.3683585847775	843.6121904274872	706.6820939452044	305.4623068883679	519.470605748654	370.5310189649527	776.7055383082821	1421.3720760732544	1213.6345713995725	66
grp_treatment	2777.867861027632	4965.288178075193	3575.710890227176	264.201925264385	426.0829069707306	336.87367571960925	789.6734150018282	1326.6716408239522	1051.7844848506418	67
grp_treatment	4283.366002759157	7923.330121595857	6889.253192812651	301.0191964852899	493.058071146218	365.5447488765637	717.5821821652148	1202.3627277049293	962.6841332668369	68
grp_treatment	2699.9950714710726	4955.6528901635875	3869.6757903475914	173.9048948664786	290.66974485708516	235.9509204556836	667.6882733694895	1238.8764227686936	982.7380020140298	69
grp_treatment	2801.843130258892	4833.635634312886	3768.0175447873385	321.9833154950182	523.5807832969265	405.97948026037807	770.1231635355801	1074.2026510473536	876.7854663832577	70
grp_treatment	2359.163028255525	3647.7711891032177	2854.8236958478187	375.5575338833621	646.6977848683904	564.389149299167	702.4997016723248	1043.1245481917897	894.4129012975699	71
grp_treatment	1693.47248229007	2576.015354979953	2255.4918279200187	367.7026145585234	499.22367877636214	445.0777824173194	668.5329860095702	1133.252273635324	942.2605981338716	72
grp_treatment	3909.576014856299	7052.137914520147	5644.128602312304	242.58243359023928	440.66495791209474	332.55667578102464	830.2395266674406	1320.838902387328	1166.466947785138	73
grp_treatment	3160.8770360554417	4805.815670580079	3617.132048766685	336.32715311361414	534.5228561008996	449.6552611788843	734.7335706483406	1213.8511426533737	954.3974848564282	74
grp_treatment	3602.070058284851	6295.802576467068	5096.864196216055	279.9945000906283	468.72095050911497	364.1263338792111	778.9659072092605	1266.5377668341216	968.7098963791102	75
grp_treatment	2281.3799086067406	3855.814226064159	3018.0973924428613	191.40301741500377	339.8506813736784	270.9872192890809	877.2142363956569	1265.9641740930035	916.434771745593	76
grp_treatment	2822.0546434925222	4947.376317642514	3840.1102830461264	400.55532463741463	778.7654553990083	583.0149307007807	925.8478493691416	1529.7120877741115	1279.862583242645	77
grp_treatment	2616.9454936145385	4251.704600892785	3685.872011545256	331.35977266984946	519.7776946305527	386.324610485541	690.3899716289151	1130.782767078567	925.150568079756	78
grp_treatment	2489.630380276408	3996.950520023257	3167.4140247444	219.68982839343136	378.3283200260975	294.246075424143	772.3032166239185	1212.022239177245	971.3232501278538	79
grp_treatment	2617.261581125033	4312.116712219707	3364.941151622474	321.8201491299365	510.9427735589387	387.20806046072863	944.6007467498916	1212.6054128959602	1089.4627645544915	80
grp_treatment	1880.1050069445448	3054.57154100925	2380.3912517928966	171.51249359235524	286.93197671527247	226.36363794591043	920.133825671762	1549.6127225480477	1297.8435244780512	81
grp_treatment	3010.8834941737414	5075.600071030867	3927.772789321896	311.4349824038862	529.9568328437964	377.02764769683904	637.6057202266596	1230.2433282164304	803.1988789707947	82
grp_treatment	1171.6815436231743	2001.924217944249	1667.9314894466663	325.8813242433968	487.17491891878086	392.6622443369318	714.8645569140889	1338.950889964896	1101.1758885552165	83
grp_treatment	1709.686267484753	3226.3201072764914	2619.023225601558	266.62914148958976	459.3554300108221	345.3492522214491	724.9158802049868	1317.6448793245197	1094.6788494230962	84
grp_treatment	2928.9729488938806	4407.617272916727	3851.726045192354	259.6790117839683	436.3926698546412	362.0914734213279	585.7636962422893	973.9098317583808	774.4636662107314	85
grp_treatment	2576.334526857596	4820.165489959923	3769.3099098807984	431.38837375022433	628.8770190634293	544.5020289164352	771.1137757855994	1446.7277253873424	1091.275668741651	86
grp_treatment	1106.879711133952	1913.2338393831865	1575.3303747679186	233.8136062437639	382.942809813083	301.2573871359615	787.6856654105496	1411.903286030101	975.2216170345984	87
grp_treatment	3070.786637853136	5088.885996536528	4021.286015647545	169.66619026152054	299.1882530021367	253.4848431032774	714.2739864745827	1240.5713555544976	1003.7537148033296	88
grp_treatment	1787.3040251124808	2725.4551194211595	2431.507798051132	296.31419937012987	479.48542305062585	399.9519917698868	747.0523231615297	1236.1236349240812	895.1104816671501	89
grp_treatment	3264.282902494544	4777.627553390432	4008.7059348404273	184.94627140921523	317.63080816368904	281.4789992998987	849.8615275201458	1379.0385535019093	973.6564075945314	90
grp_treatment	2180.2836371643393	3859.182924978712	3012.418032675163	363.8336928917229	662.9996401215244	490.3891737391876	614.9581153821828	1122.3355953867813	836.9486197063349	91
grp_treatment	2256.925162985053	3722.748522817305	2691.954366663035	249.4783939891402	428.677042578735	307.6380825468514	753.4619698846276	1198.0283481165436	1026.7555449702236	92
grp_treatment	4152.891962371304	6421.30291756914	6102.436319988776	304.8948596736201	478.19471249388096	390.59507320674464	836.4014283142371	1329.631993783829	970.0805668047296	93
grp_treatment	1143.0782984460898	1907.0367075466352	1661.933002697519	341.9456969567126	576.1633373617461	461.41934056750745	564.1594930017582	1092.5801720680936	805.8565808052845	94
grp_treatment	2971.780765885467	5561.165072952215	3696.0643167680423	211.78972628093445	351.8646488084047	285.6979095242058	785.5445565858455	1306.4071967835955	1077.0337733714443	95
grp_treatment	1721.1425638507085	2475.245980646392	1979.939421868424	224.1425820127355	452.93711143757935	365.4073304110202	747.0641121790364	1366.9851814973115	1091.7641280475812	96
grp_treatment	2274.0331681819575	3965.578228977888	3007.0800680206703	287.1253049278975	405.5413678463911	332.9178550411764	635.916919523798	1208.122870986091	947.042189699652	97
grp_treatment	2141.6299336245634	3626.3112373984454	2948.5961688883117	362.0298321493772	610.3572150586263	469.734340543666	604.802946951056	1192.9894740558234	940.9203943712142	98
grp_treatment	3538.062357103726	5375.387470093297	4142.398785866782	314.7564137260585	493.47014169370857	384.1934667881626	822.4472090594417	1444.096552563819	1089.1671853404885	99
grp_treatment	1413.4841876377866	2180.475747436835	1607.803247559102	219.709261006416	400.3548358256893	301.08561324625566	707.1699061083631	1311.687324417272	1008.760182041274	100
grp_treatment	2872.27997233764	4903.6850029730995	3506.865822837983	260.2467939378215	474.9410554988091	354.4542516499022	757.726990736034	1372.0965377779487	986.112702948472	101
grp_treatment	1753.802012782444	2955.723061228919	2041.0233424799064	329.9835437686991	578.9135100137463	463.3575881447996	787.6708724131983	1283.8136477545868	1061.7581931267794	102
grp_treatment	909.2867999532464	1794.055673345111	1359.7457506440855	223.61381264749613	418.3565525305698	282.5978914274172	711.1361779946305	1238.339055066618	961.5202978452204	103
grp_treatment	2659.8322529825396	4128.7662755527635	3569.64176857487	143.25375200434635	254.3796510516312	180.1992672991325	767.6183581579546	1259.63506282111	1062.5281698544447	104
grp_treatment	2292.1704014274824	4573.4585147437165	3327.6997053240593	228.91895335949013	389.3786122100613	318.3257197452914	796.9476002679129	1424.7756993390003	1083.5303963019387	105
grp_treatment	3078.506148005289	5890.291960816134	4684.921763399016	413.27081409734103	628.9343052128197	485.14532130021007	745.212101842568	1418.6696415882295	1167.3590929261434	106
grp_treatment	3855.585651872448	6765.168529557027	5090.989512527458	339.32475590859576	520.8750427855028	414.88961037450673	966.0769878563704	1591.957213465314	1207.6517814505216	107
grp_treatment	1830.8502104593388	3487.606222918581	2802.0869807855543	254.25870921775785	405.07313677891307	310.9540993903825	691.0424081112712	1293.0866517744814	1020.3484241279044	108
grp_treatment	2901.2301504410507	5174.549985268954	4427.5184846893535	319.400450490406	503.1575472669748	389.4637703637854	839.7308962627224	1262.2700671081377	1065.0150766929423	109
grp_treatment	3041.583807488136	5017.368770998141	3346.0120024841694	126.211335207203	209.18627735033024	169.7190230285009	948.8410383232728	1493.559441971886	1104.0962129249986	110
grp_treatment	1996.4305025394503	3164.612173763971	2358.076640761347	214.60311723246673	322.44063561545426	279.1900185040621	544.436822935323	1067.5693927631396	879.1904057127687	111
grp_treatment	1491.527791817128	2979.746932591044	2298.108167309533	303.53038872652627	545.8028222361822	429.6959914015241	1145.0761291793451	1976.333292488769	1470.2030888712063	112
grp_treatment	1527.5380546416593	2543.555628618371	2183.5676976402538	384.49755423948375	623.5156358207673	432.7232139280436	738.1912046510834	1225.194011973163	1085.5860114812187	113
grp_treatment	2876.6549442756245	4557.447561242684	3979.330270529862	370.6091048830341	559.4086654477355	458.7671437178499	928.677085181722	1317.12148392527	1150.606890380244	114
grp_treatment	2395.156102147767	4071.3321338566648	3510.0384316483633	330.15350421276264	542.2026473074096	426.6209942120444	849.9363527936035	1338.9387892574127	1144.0357379721331	115
grp_treatment	3820.013881664273	6622.218400137144	5296.701190765536	362.6476532105271	600.4702959420174	483.72546345233303	835.1971701810244	1252.0758444761902	931.7692210871866	116
grp_treatment	2367.989855708655	3999.3975215899463	3339.503771029508	218.28285833526897	356.5795874786934	272.55592702161556	766.6141696689817	1204.54096043319	1070.4469169826652	117
grp_treatment	3190.771668983332	5759.604901039559	4474.805409221926	325.1661826023398	533.8311555123719	450.5425315717577	717.0421477260508	1313.2228732680935	1047.3667455140398	118
grp_treatment	2767.387112664201	5782.834093463219	4047.807478609967	250.7754619362779	455.84535797843864	346.43907495149097	878.7996219460991	1674.2314677886711	1244.4485154113495	119
grp_treatment	4023.777964216949	6502.498337701992	5299.343863546569	222.48773305607455	393.9984924900216	342.4187153471388	898.7831598071716	1389.6700601734335	1090.5893650838957	120
grp_treatment	4350.2818245637245	7715.860214943853	6325.730779140983	228.47308037428704	463.93989359468327	340.59165144709806	950.141558642144	1611.874789308926	1397.0403979378862	121
grp_treatment	2762.0886602958853	5198.982734723641	4320.090218415762	379.1615020974273	635.7910697018405	519.889506317109	717.942624838172	1228.2737321013576	926.2375912992233	122
grp_treatment	1770.8337133281054	2730.302085841173	2346.591692607711	245.07559136603808	436.2082198602967	305.26388207994404	477.7068148820634	809.6408582833855	578.3485170401968	123
grp_treatment	4745.511040965952	6995.959095071418	5566.771102671899	305.5343341399925	461.93197272907497	369.5927485588191	948.6762330361512	1447.6110110479758	1169.342357778443	124
grp_treatment	2250.6843425711386	3679.6042324770065	2863.743043549651	147.00135062488442	250.922711230832	193.47448808897127	783.4356232498213	1243.4530708557022	1054.389958851894	125
grp_treatment	2095.372366420511	3219.5611896322507	2486.062516263903	232.352161093624	437.2176072217773	318.10617587814505	682.2720305785303	1163.1985940924546	997.165008268324	126
grp_treatment	1666.6053267688442	2732.281297023989	2278.096431895711	264.9695063151044	445.9647762171061	380.40721093519613	736.7941284494266	1271.746178865632	974.7246875838453	127
grp_treatment	3285.941523127866	5876.63704441218	3926.765609797499	225.6097697515916	405.4611741294869	317.43750425259196	923.7767704632084	1502.9193062007728	1266.1442948322904	128
grp_treatment	4262.812863674237	7348.993063835531	6319.893761693676	211.71852735218832	381.4008463835529	312.43249534567275	1042.8294793801056	1724.959264519309	1381.3259424352382	129
grp_treatment	1459.2998602984514	2423.407689787165	2073.7564719129546	252.03147772822155	403.64299946350906	309.8743181822997	925.9342332202898	1298.789586276744	969.2236555593172	130
grp_treatment	2106.273530238951	3121.0428155851205	2884.3062011585216	287.0556755934974	486.95805645120794	360.21306247197157	893.0220064291002	1369.9894789253783	1040.549005465007	131
grp_treatment	3191.070538885123	5662.23633116582	4290.02003455456	256.899352208817	444.6672232622963	352.9605708593319	828.50164714529	1259.2552081605097	977.6818852554536	132
grp_treatment	3526.663154218999	5984.561282808464	4721.093212249772	539.5260982026215	820.5990565607938	636.6731824255055	682.5774683176388	1075.4126708990605	780.2028251742836	133
grp_treatment	2089.6156600313084	3431.3640261907	2623.826125445407	232.5170407209344	379.0620345763159	318.7396337302124	707.3473526075923	1295.2095139614169	1037.797777486168	134
grp_treatment	1778.8331203135615	3144.887387942501	2651.773209536827	241.89336168469444	438.8975392632435	302.3319237534356	986.977177597423	1613.8627108368246	1424.8928267068684	135
grp_treatment	2446.3546708765966	4668.458768201255	3717.712805137349	159.43692027287017	297.1119365239532	232.86375815608227	767.7343123586082	1220.0223772552104	912.3740169830386	136
grp_treatment	1442.3366510786952	2464.375749836978	1897.152413621843	385.16425859374414	614.634743943348	477.4764803085005	647.46191083824306	1202.617671486366	894.7690845099219	137
grp_treatment	3462.98825711719	6067.885761625371	4729.739171653583	169.09837373469114	315.6265128318119	273.5771975244164	729.1031808578293	1217.323505636689	985.9533632715364	138
grp_treatment	3160.144357001997	5067.325977858288	3784.003111591749	361.2431183554201	602.9701290178442	447.90747006941575	769.4316276416399	1389.471006407216	1164.7050145922788	139
grp_treatment	3501.035259356406	6600.714653166506	4485.363642047199	296.7281758589603	490.3596458563445	396.6749538509565	776.4433498081935	1260.0812758159657	952.9313534905784	140
grp_treatment	1875.9024195925576	2737.712775479284	2421.5046325517133	235.89409791852705	374.1998990689471	303.27750056542703	786.7440978121994	1327.5104298577037	1049.377729853437	141
grp_treatment	2113.3944599433116	3806.600062460747	2917.9039600025153	227.7195378240042	409.7700361210637	321.64658727819995	773.7525757590863	1502.3398922200993	1106.93898108435	142
grp_treatment	2176.7870171813715	4202.374123204835	3399.5832924251044	170.46636525313872	262.03232842856323	226.6185067586451	737.6303359199494	1181.925903754466	888.6012899744302	143
grp_treatment	2302.0938118805625	3562.596171188779	2939.3963379728534	202.91638661227583	377.5313124910191	303.3798608791365	848.2285089714809	1273.661391763426	1168.6067917784992	144
grp_treatment	2849.97560559462	4258.803857308354	3755.6685450960954	261.3757997735775	481.2765146830031	361.8797518473694	836.4693114569579	1344.818447573874	1067.0965821206305	145
grp_treatment	2622.933492219875	4097.117023948522	3158.048059584204	203.4849597925733	416.9966460205704	301.2566037347214	674.614275595239	1119.5776759334651	838.6418280429436	146
grp_treatment	3963.183850218377	6383.3283092189	5055.784683402852	199.84933314175956	339.0758014535198	281.51163888996706	560.463151749945	809.9252590837538	668.7648578138037	147
grp_treatment	2587.1194534577926	4270.6915137186115	2936.7379150265215	224.04700697682733	432.8612362840743	322.0475597740687	633.2234843073334	990.0436602114964	793.0076827965822	148
grp_treatment	2592.8854706815146	3817.703609267675	2900.9750292129575	448.5671595293399	642.1265057727849	530.7507920800808	825.7307034296467	1434.5442676253788	1233.7079139318666	149
grp_treatment	1591.7904704597584	2570.663024959089	1988.6725356810607	377.6765504651576	654.820170157311	522.3162992313072	701.738352014944	1130.2756695280686	895.8544329770095	150
grp_treatment	2722.5943845817865	4442.164395102655	3727.658653882997	317.4196109742109	575.9318567216695	477.60045319689704	541.3816408390292	937.4239509772244	734.5309707544637	151
grp_treatment	1617.8615904430017	2224.929379634833	1820.8884047138824	227.37193603140977	417.69582312846495	358.1444034505086	838.0821042701907	1428.632675595589	1177.0992422435809	152
grp_treatment	3782.207067936628	6009.115165432223	4652.735359916334	244.5507291163082	407.30534633242104	342.4669455683641	674.2429074932727	1111.8600863667646	872.3828965059018	153
grp_treatment	3043.2898415128648	5035.147790407218	3666.8243077668462	138.00892795724994	247.41075204729935	216.4472135659884	645.0624515776648	1088.782706699223	864.4723747196728	154
grp_treatment	5623.965541990376	8802.396236227238	6273.659879045796	300.8418743995285	461.9767431794199	359.18660980142437	952.8037105203672	1396.7384715331484	1113.6307363954295	155
grp_treatment	2460.699701673644	4144.6557134187715	3240.7451247644117	285.2341458201342	487.7072368607707	407.93100989852434	892.1422187728375	1410.979946662188	1134.7319307049768	156
grp_treatment	3070.302939110467	6065.501356186503	4790.39116836391	294.3760152880126	536.3462147110735	415.5146364544575	765.6261246556701	1192.2125329646565	882.8897197073695	157
grp_treatment	3247.5297409191426	5665.5294638411715	4408.153016408479	327.5246981098204	511.9800927917918	433.28175454534255	862.5069492946029	1425.9073934521343	1092.458521628267	158
grp_treatment	1441.4809474258836	2364.443669971062	1964.9980218696896	230.02621927593495	412.3747134680483	326.35285942615275	818.8531057734784	1303.3807231551464	992.5392212715524	159
grp_treatment	2641.1187557875796	4036.586528591119	3237.291927054555	285.72030747434303	483.320363298108	365.9472095850419	536.7804975100167	995.263739650496	745.8875889703339	160
grp_treatment	2627.5920641523944	4531.982792484903	3397.920167759747	267.6781506401361	549.3173581183964	393.6018815275862	912.5936135395592	1543.838037642941	1101.6145683372822	161
grp_treatment	3796.232778195434	6112.977270301277	4890.383951279249	289.82858516698184	454.45229927713024	376.7902660643015	704.7169814267636	1196.292787715952	1017.171534305906	162
grp_treatment	3162.8541547118384	5671.718103336311	4627.613277851763	239.3983681142161	399.7021619572936	324.53452826884194	986.880592287596	1579.7940250459444	1369.7100529963418	163
grp_treatment	1946.728491343909	2991.493435093548	2670.079094794061	264.4858378169146	415.3452837328491	352.71810785848936	781.4406062096544	1145.3348231069351	1047.978709326724	164
grp_treatment	4400.096186136479	7444.518050256134	6139.411637272558	238.45933125442355	456.2172040825925	368.8712755159863	756.4211479090247	1279.5867438421478	953.37832799255375	165
grp_treatment	1535.1796115082593	3092.1294283026946	2436.9982330550356	226.50076755533107	380.13098113843495	294.0356253711002	1047.9969576981805	1667.9911335779864	1349.5305476970104	166
grp_treatment	3923.4219235629103	6219.5100299176875	5136.428387452731	229.79881264613343	351.50143000535536	291.30973149806715	787.9597936973635	1202.2380787336756	923.2567571616617	167
grp_treatment	1441.9795872465386	2732.08603990223	2112.878984143631	141.86889884725386	293.23088520990103	220.45098366776108	459.1320810850905	921.8122068062733	697.4507047856489	168
grp_treatment	2634.775611615633	4351.284591707857	3755.7738946634354	150.79310416404414	270.1274730001093	199.872060795701	743.853106699062	1347.7100071537698	1020.0513716697344	169
grp_treatment	2799.2374583032174	5149.191122159922	3748.7909350113728	389.504804450116	610.9673014808882	537.2757778936965	840.9954106755877	1355.8437432476867	1172.5498610772368	170
grp_treatment	2698.8123375791315	4179.715280619704	3859.598566651367	387.542300344862	679.7553511912523	500.4196542194733	842.7161132773449	1569.918432913882	1256.192799853172	171
grp_treatment	4607.418577412433	6651.954560981832	5611.1686851321565	200.6796157755884	366.8494630073261	253.6054337058921	703.558483405825	1289.0957082865705	1049.2978266077812	172
grp_treatment	1971.9010819943665	2911.897397903227	2274.476615014033	352.72728703095856	564.7477588611863	450.5807537285774	777.4406478244331	1394.5351046134692	1166.799208944686	173
grp_treatment	2112.692316622329	3113.175080393346	2435.983361192045	387.8865809956042	637.20752906381006	490.2640928968164	827.6235921101866	1421.4219400397187	1149.1897297548223	174
grp_treatment	4215.413840532042	6243.056889057381	5320.776598750984	338.0125343608948	586.6333799570606	449.3951172426282	820.5307311017028	1433.832880944834	1122.7202131700735	175
grp_treatment	2865.4996954001767	4641.797170103962	3788.450150757315	285.4070578300315	507.1845367549771	417.4561352924738	921.0277890133772	1709.806916868349	1186.046930296459	176
grp_treatment	3457.6119108104253	5396.193937476062	3896.5483118515726	179.94125331656193	326.35073503789096	262.18097508033543	751.0694069411389	1271.5250167338245	1045.5100019402785	177
grp_treatment	3080.8642747180897	5582.225343351895	4382.070643540719	384.9830086447949	637.0787149481828	473.44621401709753	724.5116662355679	1237.3697200211886	947.4214676109824	178
grp_treatment	4413.589829518077	6192.748982413661	5072.942167658403	282.8563398497751	406.4215190665667	382.56773381600783	774.8397891348616	1341.050712922632	1098.147312719395	179
grp_treatment	3415.799717213654	6385.642503069374	4909.735267087163	308.5772737543231	508.69282415704146	431.0703960700505	809.5239630739782	1334.936989094967	891.0894403430123	180
grp_treatment	3471.260724261353	6014.493894333743	4874.619854602394	387.4966814642236	579.920085073778	450.7998335151751	643.7176349348894	1117.061138406899	922.2807394768972	181
grp_treatment	1852.941085504514	3183.154754805304	2536.845443006048	115.40970723541308	210.5442642059359	167.84374634549388	895.7552084426395	1444.0237326512463	1099.446888725612	182
grp_treatment	3927.582113913688	5921.136434253222	4212.58160784479	277.29115524997184	497.8053945310771	414.44443722957806	745.5818835915048	1488.3052663520984	1078.461188420195	183
grp_treatment	2168.196170395621	3695.68115374612	3199.4827416503854	341.79691041928965	494.8696349929391	394.560809089578	1060.8425450733023	1582.8423811850323	1364.9210186442729	184
grp_treatment	3652.4671022627695	6042.442690454258	4772.322432351161	486.6987320795758	728.2954334925165	598.3553326939124	732.8969661607111	1327.581254794443	1121.10161349493	185
grp_treatment	3817.36239635784	5819.309996891225	4999.288384056986	184.72126117565531	327.4246766161617	280.9214595228489	503.87925309232656	897.2894924560879	741.9172416211862	186
grp_treatment	4153.795479712162	5981.865992063436	5666.778939794403	347.9079691545323	568.0353853035316	456.63826001291386	674.3958365003123	1100.7750883913866	930.9862068517924	187
grp_treatment	3714.606339490174	6114.492978063054	4836.975397667253	234.12772404488425	386.7830598497221	311.6247246724345	555.4899168380634	950.3817891415216	725.2466977568621	188
grp_treatment	1888.8644754841123	3162.6379120725796	2678.5930631865053	234.6296485945882	326.42704060288264	297.2062848335735	727.6331600366041	1137.797719711972	919.6318988568436	189
grp_treatment	2389.5698053197507	3877.4441275985646	3219.8742780246616	270.97711597874206	427.83982298950866	388.088934325081	861.8633239960225	1343.6426564197156	1222.6809856885222	190
grp_treatment	3260.709756784345	5733.760364468802	4227.669367623305	339.25623131422026	540.6497291398455	464.3907793654835	762.5159911997022	1181.9841349121275	994.3176666377022	191
grp_treatment	2873.251542293508	4923.709713110213	4287.389545356264	343.3326426285266	538.707404793254	460.5955479922417	879.6845898202295	1547.4805491383968	1257.2977537003014	192
grp_treatment	3022.5300972452487	5169.6349413799635	3829.510595001945	289.4419064552762	464.21346387726294	389.8462323109149	920.6486130797574	1644.1153528247903	1216.702630038169	193
grp_treatment	866.2447776521632	1622.117161467149	1185.618377820612	268.7504470509996	461.29183909848103	340.54473739454335	975.42621310518	1640.3236932182858	1363.1147681796815	194
grp_treatment	3595.7474691009215	5194.217882019865	4128.292348709684	201.07576109923752	346.1541702276	265.6814756382276	1047.1492082902296	1836.7502073977273	1412.7124095319923	195
grp_treatment	2942.3418129612382	5116.669934613684	3972.610463002504	274.4865644508331	446.6828197658102	347.793154839706	554.6014539439014	953.2667591962024	749.6486876230739	196
grp_treatment	3101.3433668038383	4771.427205950882	3633.0692698410007	222.3376030939682	386.43769708272833	273.94560510952266	611.3220552385451	1291.0817566495089	1051.1390813920832	197
grp_treatment	4098.779920595117	6345.831027889193	5025.2806000015835	263.5353235289874	440.16856597747585	322.8853523949542	561.7264274974161	910.4600598450828	765.2569127330529	198
grp_treatment	3071.1406976229537	4788.366866792436	4594.630547173657	209.0736870043439	351.4860986858513	299.2593845413677	696.3168486843829	1083.2623843119609	873.5945050744828	199
grp_treatment	3721.334144753934	6238.000253584462	5005.285171665315	244.60879662689672	391.3658453497373	326.53992095186203	786.4887006612613	1265.589262225645	934.6079089751112	200
grp_treatment	3091.2656922704036	5364.668070431964	4684.624182905844	320.30172471023036	588.7345998196583	466.1946650482704	815.1887016066643	1416.4832371526386	1126.5105068913542	201
grp_treatment	1688.3777502996472	2849.8712378651026	2265.8311827777115	408.5890603888181	712.1884725399001	510.12310532448726	983.7612463093552	1463.5076472084834	1083.986864904413	202
grp_treatment	1823.9197090824175	3163.7495263273195	2758.6797145529663	320.6651006080685	650.0574255023186	475.9840314340549	903.65447095745	1491.672264571899	1104.6166790210118	203
grp_treatment	1382.2961690783857	2905.8310765390925	2006.860135396557	398.4446477584182	679.0747760869929	586.03354233791	838.6093735042442	1325.2082769390522	1038.0638533141575	204
grp_treatment	1485.2345128532045	2374.571269313785	1942.5581441203672	212.30882438469536	344.8124493966279	283.1473523526593	823.0823786230106	1362.7386798310326	1056.0960457133226	205
grp_treatment	2804.6073290023	4108.635368605844	3161.5126578840586	300.4385302734163	521.0622510514357	440.54131742737445	640.1211239208048	1056.6848976331196	809.2821952129442	206
grp_treatment	2395.2851569237405	4292.942949045696	3606.5783420756984	201.98232909275217	337.0588643495265	297.3537900132228	737.9560192844364	1120.3630889494823	926.5925510168915	207
grp_treatment	3959.387024540418	6229.678380598581	4923.555472259655	250.162272812998	389.96142244087025	285.51090529580625	597.009616870199	1027.615783834395	861.6432678926284	208
grp_treatment	1271.6578867842577	2367.1469477315454	1832.8158045983912	347.7443025021261	552.7044480688229	481.78592609826865	804.4236481119041	1344.8185151304378	1154.3976767687475	209
grp_treatment	2431.871142614543	4064.889312818576	3304.9220897562604	359.89548182211274	591.2767472549357	474.8822902385791	779.6575156603135	1321.1768726662383	1040.4803632127637	210
grp_treatment	3402.3810258978565	5554.063070894495	3964.43657328325	182.12368444630889	283.3115150671031	232.51108542992415	822.3294084218179	1217.678678132122	1029.6936606838235	211
grp_treatment	4701.267104265655	7456.1073311902655	6166.0895963370685	208.5319793927896	349.6453771734236	298.9550201567339	775.9713215980286	1258.5793304312049	1025.3692541275643	212
grp_treatment	3622.029245624157	5772.700448467904	5093.487097638908	282.62711195022473	437.1285019645794	333.61366536654765	618.9541043006304	1232.5620359458442	912.8795823936764	213
grp_treatment	1689.622831269574	2538.8107094574298	1967.5914518694335	224.33452182866415	345.9898659137374	266.975580411255	743.9816354924799	1190.709094314654	963.4840492410528	214
grp_treatment	738.1745849861917	1346.786764711306	1080.8855096005173	281.9528712761793	552.109604790435	443.7779383956466	654.1284032461742	1043.0698807133845	858.9432134943312	215
grp_treatment	2483.847237414346	4369.170498504262	3088.719756396661	336.4811562543499	533.3924516148418	476.96925691230416	711.307750018119	1272.2615509668974	975.3699919395556	216
grp_treatment	2916.234538415369	4387.241579740278	3984.285989289568	222.0679331052341	351.83424465181037	301.0330362049308	844.1623412763415	1334.3513762913722	1031.683329207775	217
grp_treatment	4850.6436686541165	8891.116487465988	6927.86609379311	263.1547272609346	495.9735959583356	395.0025808738905	784.2288233779177	1180.0122326993803	972.1147892178716	218
grp_treatment	2929.32378301621	4755.474421098448	3745.558251645052	320.8412852206709	604.5878210108002	502.7931301822381	660.2831373265249	1069.4855761311287	845.6635803447795	219
grp_treatment	1322.7340929115755	2166.737096725166	1756.856343235832	372.4547610237133	536.0897632992192	463.65287015534744	576.855151028014	968.506596505262	745.4624537683627	220
grp_treatment	3977.7113730164174	6762.821937912409	4983.051010250354	284.8896749956274	455.740411075851	369.5887586685775	663.965950492047	1025.6351088971885	817.8396985033231	221
grp_treatment	4776.018527211103	7126.865831840239	5773.368864382195	316.98736585832006	512.6878224127573	433.65089677932406	784.2664578818271	1468.3159410004343	1095.089435216519	222
grp_treatment	2957.803061792118	4429.836203605202	3411.761121329149	294.7572483576894	454.8227121678262	362.8614572737252	564.1669591111978	1121.4983767243702	753.8430874999084	223
grp_treatment	3382.6626499522213	5602.947343363269	4253.854143947675	327.7576131438132	543.5620754116476	467.17319796178134	754.5817375696836	1247.2676790197124	982.9710046522124	224
grp_treatment	1446.1135067333755	2482.617806568394	1937.0243242693296	357.61107678356524	556.4610933672377	488.61794553875063	873.8636859794266	1317.444534747509	1167.9488445515258	225
grp_treatment	1614.716853548663	2784.4824560428997	2287.450669410783	283.62637610670737	514.6315866317619	400.00795615868674	773.3044160992578	1280.7179182172788	1020.1351870630727	226
grp_treatment	3091.3111464006197	5508.755445245894	4266.925254983622	453.33805349900064	687.153672561062	526.9528482909639	730.0987516465474	1233.911016985175	897.6060684366503	227
grp_treatment	2966.2659540842974	5002.255145688521	3981.2783456413185	266.58255596925414	424.1435377499269	323.3832205640167	769.6002915530894	1225.228640795811	905.2028757791672	228
grp_treatment	3610.200370485655	6479.9243861934765	4924.1672187652885	287.3867712569881	503.46803055685666	358.7204179376432	654.2724750171988	1148.9554705590651	878.181533121926	229
grp_treatment	3326.330500110761	6039.714479273237	4289.026182040943	289.4953275728702	542.8169398832937	428.3278294549843	854.4768986333341	1415.1571397324535	1058.273018069524	230
grp_treatment	1072.6470921457126	1747.9338528973162	1372.802934423189	305.527285900214	476.15807531412696	416.5943626717294	616.7243233954624	1037.6788995212985	769.337525199751	231
grp_treatment	3770.015566396504	7063.143326444022	5271.360981257405	356.43215361904817	549.1894741558639	495.9147547728837	861.7892314397777	1402.078115893837	1063.3120298212486	232
grp_treatment	623.6654415789983	1074.1525224548552	825.5498138441743	240.8440055762076	401.0293033078913	271.48843917326724	904.6520742636388	1402.159656953486	1189.5506245099098	233
grp_treatment	2720.1557265259485	4619.949851439949	3668.125243453125	291.7614121181122	542.6520532071629	425.87931954379343	967.275120167995	1527.874438934329	1336.2032205936075	234
grp_control	2389.0102039244643	3798.7012730926294	2819.266708723055	202.13614959601935	394.1751177729455	311.527899543279	958.774757875351	1681.5785599907365	1294.87505415344	235
grp_control	3244.281486102799	4862.64825637294	4080.176354339616	210.4119660564334	398.698574750304	282.35453711370093	770.5057074977846	1252.6514635612075	1002.5915306069872	236
grp_control	587.4600109885937	1004.8906252776416	815.6443252713295	198.564953066754	386.1003171901096	326.6183309532847	911.966635426754	1500.1429802466585	1223.3381347625352	237
grp_control	2054.2825218209055	3124.426558939565	2753.666222713855	248.75736533185804	418.5896778327982	367.82322260280046	671.9352557275934	1072.773389186488	882.014316331835	238
grp_control	3369.47514332738	4920.446866095723	4178.522461228587	174.7674049016795	267.2151495339175	226.0755713441546	595.9136854044383	1136.5929253405418	962.1693603458737	239
grp_control	2334.2503741029186	4505.733997760311	3522.1433888424135	277.6218069886729	432.79835331349454	348.7802415175686	706.9325813087141	1272.6101857158103	988.8717711880696	240
grp_control	1301.5410157825747	2481.910111172318	2049.782216796468	218.6281371534675	315.9553548671123	261.6052029410885	920.58039580396	1375.0379682333487	1248.767384111455	241
grp_control	1948.383739797403	3339.776051211277	2751.889060918833	225.03546262126176	369.95402936841106	330.5176266856468	636.8658587530276	1061.299164861404	902.801667148285	242
grp_control	2419.807545689798	3906.206715172017	3283.7722744876837	228.465324631526	390.97879364713265	328.242852629203	614.4730175635883	958.07522244429	752.4379053828958	243
grp_control	2015.1182751299152	3284.41787517618	2831.9149159760013	235.9820041731285	395.3460050077633	335.2483880579183	658.7698302611711	1223.9672939352936	1009.8825717924634	244
grp_control	2823.9301515216966	4859.728962193689	4037.545309502784	216.62930596887105	401.5711368975614	323.0601965447758	870.5418528241465	1327.0011708796171	1042.7391593954198	245
grp_control	1176.6841266539543	2052.866336340319	1599.3884817163475	174.2875027163055	286.26516325320256	237.1791251847388	673.3231628801097	1089.9727117139134	917.9856901741772	246
grp_control	1084.331218689796	1866.2237086473792	1418.9531036863148	299.8630248290024	462.6522707200744	401.3926258732863	1057.349621095431	1562.2620720104574	1382.7099721678535	247
grp_control	1877.3302798227023	3176.207595533262	2496.994843886734	161.0636896710535	238.47352985183457	221.12450170347543	839.2995597319571	1617.1248297602883	1266.4656020105172	248
grp_control	2448.770591601197	3973.045827323002	2970.7920324087445	283.73723667193235	457.0956118301232	424.0666601196063	732.5040088468429	1197.1201243327982	929.5180388257952	249
grp_control	2789.876753665831	4204.083867666073	3693.820810315038	242.03897783026136	456.9615448884857	346.7686950384486	840.7180709099588	1474.6610678451552	1161.3576488135084	250
grp_control	1952.2250045479975	3312.2581730887714	2675.904359182051	252.89360737742436	375.5114488990306	327.18268529955327	776.8582452447816	1249.9280357892555	1018.0357000746984	251
grp_control	2759.8504907410256	4471.467589068388	4128.778478243655	251.2378223705395	420.6379326377764	360.83454955312305	606.4265718760489	923.8495582383812	751.878836789187	252
grp_control	1508.5618802111112	2575.405125882996	2019.8039181753047	252.34482344046592	414.9307066542737	328.2463970248622	949.0504492130492	1459.916604613713	1165.6018389125502	253
grp_control	2177.1464868441076	3842.48722805932	3005.053064643935	240.20988796303547	445.4900963823416	348.52931623544873	676.3789409852299	1173.474302397297	934.084635323525	254
grp_control	2260.8163518137007	3892.2299387809903	3625.9549526440137	254.27508475581936	469.4088859790494	389.4476966578205	772.5459715617634	1310.3421731573021	941.6238288916828	255
grp_control	2591.931690657268	4534.710311096555	3694.7951761368136	165.4306724219296	280.9906506735066	210.38280108850552	1001.7523453134456	1696.0820207210293	1347.2686961166205	256
grp_control	3221.3978642083134	5761.795708656671	4396.038385828289	241.68080702566508	397.43179031033543	336.0387780709185	621.2953954441834	1088.6843455003834	844.1412069770315	257
grp_control	1221.8149183826342	2140.975410534185	1622.4457471731223	275.5175461749865	431.33472721861943	378.1428345075016	707.4188388970786	1182.0910004404136	1017.8300690163834	258
grp_control	2247.091523568617	3974.8727638917258	3213.488500089081	207.83624797180113	388.3741107892201	276.38345130036123	836.7806819365488	1453.6359488494695	1162.8496405745682	259
grp_control	3059.4804555076776	5357.963577364287	4123.748501640518	173.5847052183539	287.4361053596048	230.0916898630408	759.5567194336938	1492.5174906089585	1125.0603986523302	260
grp_control	1055.6571622645044	1836.293599939875	1422.9915568836236	232.1419080486298	356.19309549818746	343.1660790591211	721.7575009991925	1170.9896580188652	992.6622419511204	261
grp_control	2669.9736648628254	5784.583794932432	4457.806044433606	221.6912146565042	360.1922631108991	288.255938722085	926.7247439188732	1735.5419632425442	1263.6656570812552	262
grp_control	3250.6971758031245	4979.36762380073	4095.186614852603	314.47668057640794	458.8571934572477	419.79608441651993	631.2504200233224	965.1075121886277	891.8300084274744	263
grp_control	2561.668773544801	4169.4883088920415	3017.0073215704138	302.9877137220883	526.2004571011126	443.59082387806393	534.8663888632079	989.1733010842344	725.2744642797106	264
grp_control	2643.9910187090445	4452.341712774285	3346.5371011213056	251.9359284968713	342.98243010833784	312.2212719966681	855.684327716433	1538.788955752123	1099.1777945255203	265
grp_control	1801.6936926674305	2606.160110261837	2261.138690966079	198.02273633373244	333.86682008105055	283.0925047007879	759.8908401700895	1088.529502397928	802.1662577571497	266
grp_control	2945.0944464975814	4545.294358267197	3857.181586412775	189.99942501022815	316.164371461136	249.6014109224453	586.3281082636514	903.9203625519292	745.5517100803129	267
grp_control	2093.882370558672	3328.0710708096753	2446.416388540739	247.93151686463207	374.76116770808295	311.45173681524307	974.2672452282344	1504.3320992123963	1232.535680523138	268
grp_control	2371.544126206789	3759.2497830194466	3181.5438852494694	231.9957160189468	361.39361625561554	260.9758618391176	616.9436087031552	1104.339560373419	861.1004614550059	269
grp_control	2341.5277828155954	3681.983905035835	2883.6939700621315	301.9422221016533	434.3156738961608	364.4691264102309	877.8660019158066	1373.6166947826612	1073.3429386172882	270
grp_control	1771.0060805230385	2723.7780737997173	2298.900442816493	262.4295010588375	482.3778010825804	403.36491201261026	634.7484695469095	1268.1542777196798	977.6319260298636	271
grp_control	1530.8423009638504	2603.0099954999473	2177.3598918233824	221.477508268188	355.7116876525897	272.08417578318495	804.5797823414059	1377.281442808765	1002.285064711648	272
grp_control	3803.922074933568	6901.846811089926	5379.295167247046	225.4795686170737	352.06981294238636	276.36791965222494	596.5175892634023	979.7113167621228	760.9202609455552	273
grp_control	2463.6354741881237	3689.721645059899	3056.9457005215613	175.41432735208835	327.76674602215905	233.08127842997533	667.7218949890224	1022.0685563773592	775.2676400854223	274
grp_control	3187.088761730298	4641.836724885764	3826.8656266573744	236.9878519630222	401.5658404526182	319.5475910024599	581.8848477037476	1053.686664678594	916.6673927408132	275
grp_control	2157.880331396009	3334.243022762464	2718.568696885821	191.7448815666057	364.29719103709664	293.04979722079383	721.8592256498303	1209.733055225454	943.107827118729	276
grp_control	2340.291553199021	4005.641700115059	3048.1782687296354	275.44843167131614	468.3544373434715	365.8176697879364	602.4422584965298	978.8391204453584	789.8410383592122	277
grp_control	2422.3569968884967	3812.6149504762834	3311.586672936257	281.9317945248115	421.69476404721456	337.77584201676854	465.5166213303549	861.6485578428715	662.8907050640798	278
grp_control	2524.281171997879	3750.5518490055806	3084.274323434772	314.18570436977427	472.8495245653308	429.8834216591547	713.545675815611	1251.8965329331063	998.5485034613764	279
grp_control	1376.439706257162	2506.86499391669	1927.9524840073177	203.307175668448	351.1851948204462	271.6731627084085	688.5751789101711	1178.737066939637	976.8291338062288	280
grp_control	2690.1213827326087	4358.350120072783	3647.3121293236327	255.4693480556789	410.22227639274513	322.2320551979999	607.1783068915902	907.831053896696	770.9555865261357	281
grp_control	1834.4467430962743	3151.431657323099	2642.6583466043908	262.7623525317023	383.4022596119815	340.21294625252847	929.4581438155424	1651.5013655904868	1355.5446789125106	282
grp_control	2988.436079547069	5626.311461748352	3917.6197895234386	179.91522186907568	298.17517522625116	214.28699016291853	887.4118414149315	1520.0245205906865	1267.768343162141	283
grp_control	3227.7387932441648	5632.23378069279	4207.265624875781	182.22665621378883	298.19735040959364	245.16799298922817	567.8544648589809	989.772542724082	786.9084298605586	284
grp_control	2181.5709975216864	3509.5239354381074	3199.3395472317916	183.50945195015905	288.3706341828948	234.59718735386224	759.1818646448138	1177.2516983596663	973.2929608125336	285
grp_control	1806.285775575974	3590.320357758408	3035.972871480445	296.38479999635604	484.24665736416733	373.81738218637594	791.9767156690361	1226.5797123161688	956.0045094145298	286
grp_control	2622.5303894862946	4488.4860282598	3539.4590325864133	252.35516888076896	423.0717098564153	335.3127123100376	517.7496077251728	833.3777450243932	777.4439171789392	287
grp_control	4226.965984135882	5930.281669209752	4577.255842243892	230.88361133666015	320.3104254847113	268.05318818229495	602.8692674412687	958.3358511680216	727.3381834032303	288
grp_control	1799.593986611579	2924.8669259876715	2426.437799794752	216.82886227983263	404.2435807975879	318.15197461993216	935.2549366418664	1545.2820871807182	1245.9281185759346	289
grp_control	2315.816305698798	4178.65494422875	3629.1729795854462	204.05954519066887	352.2825050211099	298.9585807018038	826.3269249418711	1339.424389171994	1033.1127944765958	290
grp_control	2635.8291459689335	4412.6310001014	3481.406977739959	193.68420549270255	351.77685516987475	279.7415454194125	754.927445328078	1284.035649392648	1030.4240559599673	291
grp_control	2911.9586840284987	4744.072302231943	3468.3740745915884	292.00344505021894	492.61798850244514	362.2766846797735	824.9945859941045	1244.640937589317	981.4761783850746	292
grp_control	1793.478880934039	2903.59720506881	2403.644679012863	202.0860742255983	362.9963868550959	254.3051815046833	814.4170207672327	1327.1554052252825	1131.1152040359302	293
grp_control	1554.594669937884	2732.030037319756	2056.1682758154766	263.5750759833888	482.7608827431203	353.8430537989948	576.970799332291	918.9628821347516	745.7247267321186	294
grp_control	2392.879060198346	4138.278743666322	2910.956284483826	54.94697650596643	102.16303352936724	79.71393514049444	591.8667808131601	1062.306032649635	868.1449767440278	295
grp_control	2722.867015663962	4271.3823918273365	3449.6818139611514	142.81251137061187	300.75666544258075	227.71710966412903	800.1458043239797	1357.6581259902068	1074.466061663058	296
grp_control	3523.5014334058033	5751.038824171586	4837.578144748061	254.1691630896645	393.9572535855385	311.7129937494443	818.00784851896	1199.435295027133	953.085906145617	297
grp_control	1339.9639661380556	2356.869110882581	1955.2603882259475	299.0783506404707	445.74317232461107	358.8794110473283	849.7350853580242	1354.779034638416	1059.154626967072	298
grp_control	2904.979524111538	4875.267530545923	3842.9481328299366	190.59225183621456	340.3677851381231	275.3703255489808	806.6256809591687	1279.1825015813515	1112.9196045638855	299
grp_control	1928.2502582222844	3213.764934113309	2555.306418638339	214.1670359896676	310.7750052002745	265.99417195650483	819.4277814331433	1344.443500461039	979.5451215329064	300
grp_control	2879.532511098483	5060.958479697254	3970.150432368349	282.8014693246637	472.41107787116766	385.7964266720868	924.91584845996	1472.4624073192035	1165.9297728331626	301
grp_control	3469.4369827964215	4975.39296026624	4692.912900133531	300.69382390167	532.3591551588222	387.0699584872605	823.4211480023538	1400.824839951915	1008.7381195737138	302
grp_control	2703.36511834997	4420.4365637213	3659.15619527356	255.8929186270646	447.6386267397175	341.78588845668196	624.392586738956	1092.773646310994	842.6053868543308	303
grp_control	2760.57057345916	5131.375175999033	4413.024838393147	168.1998769295567	279.4838923221065	242.76451157427908	611.6189226013026	1048.319460623319	806.7763186252246	304
grp_control	3199.2826660211554	5731.688790303953	4608.923405703855	203.5846161046918	362.59976822712434	316.0459912755512	759.2377289033956	1346.7917765093882	1140.1869120347708	305
grp_control	1598.9200644325165	2522.357996741745	2086.15480507047	193.96335602554225	355.98267877396006	290.7998190190817	849.8617312002843	1392.9509372295483	1224.3867127189676	306
grp_control	1043.0722301820772	1745.913978450168	1337.5108177591333	262.6617735677317	529.4544995124054	386.4263418978787	724.0723715665424	1171.2561279451245	997.3045530481638	307
grp_control	1870.779159236243	3123.849125953832	2590.3073545765033	301.74268570987795	443.7564484329417	385.100264518228	634.5967416057722	1163.2699720823782	889.9587578594798	308
grp_control	2712.0485745352653	5207.595722528408	3369.1547349722005	163.95726859811265	280.56842252622704	220.5943279600962	743.6195043628763	1212.4516092924491	990.4786897710128	309
grp_control	1375.6936209456371	2400.020330891372	1794.157250084868	262.27738097651	388.5426586128676	317.82327601361743	780.5767728112826	1295.582798365117	1051.7416171204734	310
grp_control	4100.543583591004	5825.539652285268	5130.389441467253	302.8732157439316	489.23089872776336	363.5368493847078	735.1213910815587	1333.3868991011573	1032.1635566034374	311
grp_control	3461.4636674045555	6834.637209772043	4625.151184931265	312.86240460439336	470.8792981408061	383.7681458990444	819.1419251924935	1390.193530629307	1065.9919134152442	312
grp_control	2511.6238742350374	4414.802025184977	3718.067266858722	110.38139218928434	152.27200749334355	134.30682380686815	766.7612973880547	1280.3556721890286	1055.9835528583276	313
grp_control	91.16119171222076	153.93830825142555	130.55694525994468	202.44691305953077	298.0984568904791	231.71609656554224	776.0884893089415	1159.362123294038	982.08809128035	314
grp_control	1193.8721755740355	2306.2236040110765	1891.0278927791655	205.68246871467244	314.84109544260275	245.06530997285273	583.8349588152925	1030.686890627784	743.2975144187212	315
grp_control	1462.7137918970477	2197.6531133811454	1967.630910951764	261.20006453483614	427.51300510498186	349.0769176348648	704.3703691263789	1115.9287672080627	964.8867719732436	316
grp_control	2529.9680089915773	4078.9859710492674	2850.896947305293	195.00732050942895	327.8581366330621	275.6804576937408	655.4629741913726	1162.0742880716796	898.501866606089	317
grp_control	1154.932912434953	2107.3654312279255	1526.1728060683738	272.61805957395507	413.5643113642613	341.41522045433874	690.6402721867696	1388.7552081604438	1128.477898667677	318
grp_control	2504.0490691563928	4007.792704972531	3075.515144188602	236.55768179942461	395.4449900208224	331.42887838194923	749.0669789084396	1194.8879643729138	892.3798372426987	319
grp_control	2315.3972843117267	3634.059801892802	3491.299659199749	283.55199644649116	464.4870719449667	361.86588154772534	626.4144178885139	1009.7025195001448	778.1054361063599	320
grp_control	2247.372777989452	3716.2256774174466	2902.496245257891	264.8152252453355	428.19779377565743	353.482921746331	961.49224519569	1400.8136956911044	1131.6520758825243	321
grp_control	2652.8502262976613	4210.444777139047	3573.555213389885	194.08432019358565	334.73694588340896	281.742973434593	750.4899542414752	1233.962844364492	976.5332433982784	322
grp_control	1122.9978478438672	1730.219381116391	1439.502084430527	201.3537331347287	360.11228615680386	279.3799975940225	685.142333925882	1348.7478226707954	1020.4949567383856	323
grp_control	3430.3006781704353	5639.783050401233	4381.388031332473	253.37388448632103	397.28319889374023	299.623054361652	704.7752667601923	1151.9785312658696	986.8812551400216	324
grp_control	3213.343837184433	4464.171144635509	3695.1899826530935	259.02976087609164	355.61356823163675	289.91399542293885	599.7551243342759	1082.3609998635782	827.5853680230763	325
grp_control	2405.7610516552786	3541.122893570001	2757.810909263623	115.19506319826738	207.24091843017527	163.54023444265172	704.6128582718459	1154.4633914429278	874.628620528676	326
grp_control	1974.4595081739983	3406.4935372928994	2720.8942378025263	220.2280336405643	381.2618286307246	289.66561132832	620.0604184398761	1058.5911609281816	930.016799982833	327
grp_control	2573.576198954028	4432.3568824718195	3577.5356567811796	212.4455105969902	329.44688668761944	263.2846008633774	709.4269167737843	1229.7304920249628	973.636852044703	328
grp_control	1506.082799285898	2636.715208335005	2101.517754847028	160.44112666242864	243.8748888612755	211.4499567112649	748.9098013664478	1174.0285289922983	991.984739697954	329
grp_control	1855.4472512343416	3306.8485752626475	2805.9738248921694	211.49887491539275	375.2713639812561	293.451509914423	719.8244936878131	1165.7817966345326	904.580647131304	330
grp_control	2596.6995667001147	4370.6060668169985	3609.535973419835	286.44718101476684	505.67616235789967	377.2044544033424	609.5137640594552	999.8620253736002	796.5064924986959	331
grp_control	3196.704090599472	5748.138372504782	4557.766263087927	220.30118641081864	346.6402882642678	290.19196882093973	714.451264962354	1152.4806932445497	942.3789347333432	332
grp_control	1575.9489863222316	2496.0912435443797	2083.110857319867	169.60136835916452	326.50996601020694	234.04194021853337	934.4475043148544	1477.0682929026534	1079.3219092013192	333
grp_control	2287.879168241887	3855.8165567044334	3117.336039364406	214.47682052164456	308.16138422025193	280.0365091605405	842.9577492862655	1321.1766864278536	1069.0307841002189	334
grp_control	2939.3792084093116	4670.773035466702	4172.864568818619	191.0057537229516	341.4566543166412	259.48180047089426	812.5446496218564	1357.8691931446583	1005.1523747941336	335
grp_control	2383.24861831435	3562.7043398543537	3068.489404703075	292.99676099418656	460.843272897467	340.47081975729645	598.8508962789489	1030.327338987813	882.7354833583928	336
grp_control	2185.248549904006	4135.262456101866	3387.862729723933	199.0166056169673	312.0027612361979	217.95808468272796	569.3991986074203	979.285074946123	768.2935614054174	337
grp_control	1778.8646266363626	3178.3673549786186	2636.466861092093	252.23181678546533	465.84819443312614	348.82701706765664	797.4391612396438	1275.154108696407	1009.564343914638	338
grp_control	2524.238210594596	3872.309327375231	3303.444810072743	150.74528758950146	247.6117632812088	196.36996868441904	769.7675694256642	1179.891397953324	950.775680029472	339
grp_control	595.4913663982136	1098.9519482437954	883.7775880450694	143.08792210961658	247.85088202947935	190.35084285399452	567.6800502351896	929.6627691377936	739.3299983027662	340
grp_control	2377.8211554282593	4294.890825697262	3274.6731376482785	218.745867380814	352.90334674849487	263.5406348455474	712.9332803350901	1159.3582600696325	1016.4749851209071	341
grp_control	1824.4422573661416	3177.805719861113	2664.1168252140646	179.60463011441735	311.87682232461117	261.64417932813274	637.1093097675982	1408.052968891942	1132.0868618255552	342
grp_control	1973.485483451019	3666.6756119411702	2954.595069657003	228.2530823870115	353.7675446183424	292.5761661518402	756.1106853302756	1190.6727441763303	1017.8967831391626	343
